code|description|flags|product_eans|family_codes
POMMES|Pommes à croquer|TRADITIONAL,RESTAURANT_VOUCHER_ELIGIBLE|3300000000001,3300000000004|
RACINES|Légumes racines||3300000000017,3300000000018||
FRUITS|Rayon Fruits||||POMMES
LEGUMES|Rayon Légumes||||RACINES
EAU_MINERALE|Eaux Minérales|RESTAURANT_VOUCHER_ELIGIBLE|3300000000007|
SODAS|Sodas||3300000000011,3300000000012||
BOISSONS|Rayon Boissons||||EAU_MINERALE,SODAS
ALIMENTAIRE|Rayon Alimentaire||||FRUITS,LEGUMES,BOISSONS
CUISSON|Instruments de Cuisine||3300000000031,3300000000032,3300000000033|
